Row Names,instance_auroc,full_pixel_auroc,anomaly_pixel_auroc
huawei_leisi,0.746875,0.612245552587658,0.5768537889463073
Mean,0.746875,0.612245552587658,0.5768537889463073
