Row Names,instance_auroc,full_pixel_auroc,anomaly_pixel_auroc
huawei_leisi,0.721875,0.42380544972899103,0.3553057814545308
Mean,0.721875,0.42380544972899103,0.3553057814545308
