Row Names,instance_auroc,full_pixel_auroc,anomaly_pixel_auroc
huawei_leisi,0.721875,0.6596932894292223,0.6059505038054653
Mean,0.721875,0.6596932894292223,0.6059505038054653
