Row Names,instance_auroc,full_pixel_auroc,anomaly_pixel_auroc
huawei_leisi,0.6222222222222222,0.5621219588918401,0.415611297098025
Mean,0.6222222222222222,0.5621219588918401,0.415611297098025
