Row Names,instance_auroc,full_pixel_auroc,anomaly_pixel_auroc
huawei_leisi,0.6666666666666667,0.614372988568287,0.47552242270668227
Mean,0.6666666666666667,0.614372988568287,0.47552242270668227
