Row Names,instance_auroc,full_pixel_auroc,anomaly_pixel_auroc
huawei_huaxian,0.9532081608515671,0.765753670012309,0.572250362691723
Mean,0.9532081608515671,0.765753670012309,0.572250362691723
